emso,uporabnisko_ime,geslo
6491863358167,Catlaina8580,Sd5Z7xtlT4N
0003968965835,Aida5471,Pzp9g8
2043594669751,Darryl4024,f9GFgdwx
8975553450467,Arlan8976,FgxHN9WMZiWN
8198940288536,Kissie4490,C24C8ln4
5469429553638,Robers1809,FBfGsGdSgN
6946138155716,Liam8351,PwzW0HV
1807619203889,Louie8780,3v1B2eP
1501723936595,Stefania1619,RJvyDO45
1287269650235,Ailbert6547,4ChCzrBQk
7718728128784,Brocky8736,ShjfUZfX
7503952236995,Essa7811,LEuBK7N
3506428506609,Bernard6506,2O9pAHmK
2341900867816,Gunilla4034,hnmCU0Z
8634271962601,Austin2049,s2D9TidbMnU6
7081140589489,Harv6023,sjJtfwWC9B7R
9398653912161,Valma3431,2vxUBWV
2042690981418,Amby4543,EEaEce6
6488902131270,Lockwood9540,wXguEvbglU
0279097441052,Reggy4129,QyWpwRaKVU3x
5918059300244,Catina5960,pyFLHGGv3
1066483777535,Rhodia8468,IauDtRqd
0359470062651,Carolus3407,M6UBpCl
7737802433873,Karissa9825,fUYsen
6421348841519,Rafi9259,VcR9gJ
2504604849050,Lib4794,9YR7xgP24G
7177016476911,Delinda6319,RnMqVg7e3v
7467089657650,Wilek9600,EJ03qV6AJBkz
6968666395589,Tanney5661,3IdWIF2JJUz
2194259444049,Sandi6526,SQIxq6UsVp
1960921194959,Ailsun5024,80PMPUtuF0C
0346870669179,Kariotta8936,WISWzR
3620869483288,Silvain4122,cZC8S3sKfP
3235584169448,Tybie8373,HigKe1F
1612646455502,Allsun3632,RVekdbGlC
9222802555134,Dell9624,o07UG5ZHZZVH
8208811807809,Bette5269,58DVKa2MxF
2002540141273,Lancelot9544,MWh6ofbDTjzD
9802987154929,Kris3008,Lq5AvEZR
2416193716067,Wynny8509,npwDxneTpN
4466713290973,Ammamaria3500,40Jddxy
0488339460067,Marleah7005,2bprH8
9783582801395,Emiline7161,TDSSuXSMFpn
2679908413160,Wainwright7806,WeXF2lUVQ
0314338721288,Porter3517,imunB1llxLbR
3060593307092,Laney7189,PDEaAU
7810737039715,Jarad2381,GVlT9DwwrV
8259636942292,Nisse8928,OSwyVBv
8810451970305,Levey8828,ixLYqL7ufqB
6895036943089,Mercy8252,jt2q6G
9102469412084,Elvira7069,25qlzJaoJ9h
3360413911178,Cate1895,RdAVP5huahWc
6309794860690,Winthrop6501,6OnBGL8T5Mm
0614704759150,Latrina4383,RiMgAJI
0837624346058,Sullivan4606,eJygobE4
5552990004253,Elysee8095,FP7yCFvVqXJq
2914351063357,Reggy7708,TfbPIiYoDBwY
4555145346141,Kienan9200,1qKROQGFT
0152341711359,Krisha6394,2asuAm
5673303970657,Ealasaid5249,nIWpNNi
0707900704565,Tera8934,Ml9yUCyxd
0550129988515,Peder7483,i7OC5LvWh
7046466468332,Reynold8849,eiGTks
8299891529967,Violet9163,zlbIN9
5506267365774,Karmen2548,e2PKR1f
3210495149300,Hayley5989,YzKRLYEO
9260280346999,Blanca6144,bHujmebF
2196733179318,Aliza5105,jLzrwY1019jQ
8696121960126,Reta2128,HhyMFeIXg
1726560662151,Jasun1516,Fa6uVZJV
4453761547206,Shurlocke4162,oVWRjswN6C
3505253277597,Courtnay2346,lF9H6QHR
2241622598314,Olenolin2775,lG2iNLgaFxXr
0790772618066,Pearce7072,Z6NjSYG4oD4
8233904500262,Tybalt9146,B1Jqc8pv0
7811330393125,Miguelita9929,WZVRbDlvL82
8453025337210,Milt2116,LmUas8EG
7579317345560,Simonne6395,8vksAvtxp9
8724005144812,Berni2619,2JIJwg
2415061512604,Ariella5511,pHplTs
6454732568662,Mildred5600,nfyBYAwKIH
6684625134493,Imogen9315,6C2H2Ulb1
1572535221646,Electra3995,Ef4s7DsV
4300952290785,Ray2038,N5FFLCVZjq
9489496020033,Lisette7973,cuI1TchP5
4761022199072,Kaleb1630,uAgoNazUB3CA
1994619098965,Chance1953,izbhkrmgo
7286399084725,Winnah7150,18fvHU
0358563827712,Pennie3386,YAlQo3dm
3644611289112,Noell5410,jUtGf29h
7193991885973,Yanaton3978,AgrIg5bwCl
0233329945606,Becca7283,qtpZzX
5734740619265,Decca1227,cW1ZBr
3248552769412,Cornelle3126,79kBJgtoWM
9684849077446,Adella1605,4z9EAY2
1848303892710,Chancey3563,WOBhLtjKm1mb
6395898605364,Maddy4022,d0mCUxjB6
7931098044292,Moss1067,e83eKA
8002125856186,Van7579,70a5ErJIKVT
4953287616322,Allison1802,9UbgTy
