emso,uporabnisko_ime,last_name
5365921678251,Ivy9487,pwzz9MHvdTP9
7122325147185,Marc9919,PnIJvQmX
2263618273628,Hillel8646,75k1FY
8067651868204,Henryetta3830,wZ6GNRI6KO
0605137691664,Tulley7288,ZE1KVElh
4530680782597,Bryanty2517,mbFXcz
5545473519461,Gram3821,bv1weZoU9K
1670274926540,Allegra3809,6rQDM1Lj4D
4754129143852,Bettye4578,rkekVaAcq
8377351253577,Wendall8904,H7cUKFJnvJ9B
3996751586925,Melisent1024,qKGW0K
5639142072894,Otes9851,ssPoDuuKLe
2765904405751,Erika6710,Nfl7rnK3
1405859228039,Herbert7507,ZxpG3mJP5eX
8634461748078,Valeda9022,E5Vpyru
0402534064698,Arabele4907,vYQhCQVj
9552059891881,Edik6796,LMjX7uULgev5
2862976667607,Brianne3821,keiSBL8
2100675619419,Gabey7981,eJiCN1
8422420772814,Herman8520,GSvUuM
3209989974187,Munroe7034,Hn23cZIxJn
7002023214846,Kaye4970,4dh1I45
9021067062935,Lynna2143,2SNlXb6f
4214867212443,Kaja5470,KaF9deT
2904125022674,Valerie6828,it5uLuz
7468114473522,Gerri8412,x6Dtuu9
7939243034797,Lyndy8527,pMqgbaRcrZ
9821246969871,Ashia3870,cgu7S2qN
4270403157877,Christoph5792,44cCrTW8
1652702800686,Sky8796,KlUoEw
7282318190091,Brien1244,prb5Fq
8577500207055,Lindsay9951,KHoZqsp9q
8134507764120,Adoree4622,TKNSdi2KHSwu
3415275046216,Toby2842,zwueeN0R
5400989009974,Germana3323,OhqXVlycGLB7
8177381694816,Nettle9235,yjaTRcZLx
9740422522190,Aubrette2211,y2OPeshZvn
3939805908013,Niven1936,jSDWdFBJpcY
8567962497977,Vernen5843,lLLoDsr4
1271587877068,Nataniel9654,81AkpZLSH9
9160755779881,Astrix3532,zomzqn73
6639181613646,Aguistin9927,Pwo5NGkrqLFv
1234747999574,Joli6033,ELAwqnFNHNYA
4187588714363,Dory7524,hWNztx
7899633549223,Karilynn5338,nmzvv2Wi5
6805383403961,Tillie6428,e2gyoasNJJQ
8276779372498,Bink4802,B0iMBzOsICxs
5674664831981,Tandy4454,G7CcRFax5niR
4241634477395,Marnia7507,3BitGXV7
4216542217549,Melisent9909,vGUpgWM93u7
3987121597714,Juanita8867,PMBERT6OnV0
5862045996664,Shayne4989,HiPFvBTZ
4674064028553,Winni9192,WTuDoFAS
0239399492491,Karoly5379,INSDBP8M
9506603141239,Klarrisa7878,axyIA1m7ar
7238853295291,Dolley8232,k0bF8yqXlzG
8078047856161,Jules1821,ENVD41n
9474201012520,Angelo6776,16ZoqY
2411162321995,Eric4591,1VDGKwmbnB
0643456635563,Judi9302,AcESk1L
7683569251535,Claude8246,9CBKYK4AB
3852100241250,Leisha7496,VJtJhUWSstN
7172640945113,Bettye5597,V43DAz6
8081975834721,Jarib2989,MskPXRH
0685304829954,Normie1915,BwVZCy
9268502854240,Corabel2142,JYgdvuD
0025207192274,Dacie4653,6pKni3VVw0CY
0196038016421,Celestyna3333,ui9eLjU
3727758002345,Nadeen7954,Mcn0uX
0728416171627,Ambur4089,4scPPjC
9750413126010,Lila5883,sSnH2F8Kxm4
2680836112332,Vidovic3666,Coj1dCrchCc
2767110415043,Asia3763,4fxhBqsP
0309556612751,Perl5132,3btFFqcnAD
0520648750527,Hugibert2014,FWeb9g1ykn
3010936270079,Brooks8480,Xa5HhQK6iZu
3057383901025,Fielding3491,axmHwI3T7
4060754174195,Brandtr2278,AQ5ue8YUEtMz
7013667831175,Francklin8089,VyWkXztTQ
4390871576061,Ravi1408,ZLaSGJi
4776901575612,Ertha1893,OBEPC7Wi
6594895040366,Hamnet8996,mET1iWd
9564203749423,Gardner4844,WGK5IWg23uGY
6546581674968,Josefa5711,jEqzXg
9673290158133,Bobbette6924,KE6fgd23D1
3409823487593,Gustie5037,uw3sZ9BTux
2021259734323,Dee dee8926,zrx2AYiPNR
2443346073237,Stafford4685,lh13knfb
1484238570711,Giustina1059,RmWFTtIG
8900392055704,Slade8401,8diSs9X0d
0919766056682,Durante2444,x4Q9lobpQ0
0630638875115,Dulcy5772,qWLk1us
1858022849987,Jilleen3893,cNPIpbsY
6975805696473,Cart6147,ikxgxWkpaIL3
6331672263284,Ario3708,SGTEGCiQC
9468044311396,Harvey5514,k6DuOfXsR
9982441828719,Zak1846,6ZoXriS
7486190242009,Jasen7858,9AMc087
9937485794016,Shandie3758,cd5vfhIe
5145141069319,Coletta5364,eT995c4zL9EG
2576731942918,Terrance5961,gmVBKBQIa
2626331884621,Giulio4978,2vlL8NAGC
9331897266712,Amara7598,uVp2ADVXyTW
7586579478106,Stafford6183,wyQZOMyvK
5890148463927,Jill2063,ndOKaYDW
5483637702054,Dennison3671,8RbhvO2XX
6139302439289,Mina2945,iJahqKoboL4x
5373343653260,Margy4969,qNYyrFdZ8S
3940581640855,Gunar4496,0mig6qD
6650980297482,Elvyn7701,4OC8UcXAAtR
9342057691856,Emera1327,IZl963EgB
0587616304161,Alan1047,OVqvTskN8hBC
7683001174941,Joscelin2981,yCvb7TX4F0Q4
1869130502105,Ingra5614,i5Y06hLWRy2
4751814779732,Hartley7863,b4CjiW7eq
1974521276506,Kristin5928,76semviP2
1343053052010,Kaia9972,cneCzHZ
8608031827545,Ibrahim1781,wRHALUVxO0Rb
0025640869227,Noellyn6388,m8NBBJ8f2do
8076600589730,Yorker9023,NomUaUuiM0
6704754923746,Paulie5766,BfUwU2TxhAM
3097370901025,Pat5863,epZ1TnWqsAr
5010326150800,Wash8880,ERcYSnBwaG
2310132470978,Queenie4986,FDRzN25
4711797158130,Ad1353,lmrYUam2
3216641712010,Myrtle4785,IpCg407z
2020420088551,Filberto1345,gTmL4kTwxc
0563090763827,Sari3818,rQHvSa3E
7301246550924,Morie1291,8KDSLoc8jQK
3996141161439,Kailey3258,U7nJoc8CrTFd
6259532377015,Sigismund4471,mIVoeaRoV7
8388507214035,Hynda3151,CWwNdse
2126134228057,Patsy9406,CTpUXcTOVbA
1873829564138,Alena2418,ghzZEcvF4
4529237671759,Reeba5226,gVuoZdRh
5907004239413,Hallsy6536,GFR6bw
6289673423980,Tymothy5453,NqUGwzrmSJ
8554694718123,Delmar9786,330n1cs
6731116548109,Mead9372,XjZOJWP3ud
3363688292651,Vania5408,eC1W2EkmV
0021241234257,Derk9970,PfIuEjWEwK8
5516698040456,Annelise7093,56wEK7U
1972009738854,Marna5648,60GZiGQoOauA
4434572664241,Kaleb2882,DJxEAc3cy7XF
4774110116358,Noellyn3275,GkPaxD
4658371843489,Marijo6658,H9rUhnP
3703503920235,Maximilian8437,bLDfsAjYYf
9134994430873,Jane5579,vJ5Li9
8853971358242,Jean3466,bklffGGJC2D
1550765426387,Emmanuel3676,7tuYoXN3bVU
0200799166911,Rosalinde9516,ptgHpwuH
9884867987615,Brina1336,Qpzcruu
2505126192586,Charissa1289,kgnrB9
2625601637442,Sebastiano1942,xKTYHxJCX
9564983101774,Stacia4426,AlZdwBZ
5909419984832,Waylan6843,lkYKbg
5072875345487,Maxy2047,Oc7GwFM
7330630584919,Peyton9527,MgLsn7I
8250712029706,Alberto7489,oq1RBJp7IgL
5799973112342,Georg3237,ouZeVjzr
8766703278290,Chev5099,iKjCUU
4978031820170,Barn6265,5I2tZm5R
1332455236106,Agnese3384,2MQ100uee5D
0730141917340,Morie7085,VOyjsXvZqfv
1123613284566,Burty5434,jyZ6erS
5590460412899,Gabriel9298,lUXmo6
6814949087841,Hanson7215,Df003Un
5062724319186,Nikolaos3607,gPyq95X7Mh8T
5891366028495,Sherm5676,S6zw0C1OSvE
5020782442947,Alyda3283,WWGuKP9
0087093046645,Domenic6507,9jXL0F
5732346890269,Zelig4737,zeQj1s2y
6789114665861,Fraze5824,YtvNSfHx65d
3611521573807,Dianne3638,DjkjFgyXKgQ1
8327528634760,Leonerd3349,NkHlZ6tu
1973637708184,Pauly5539,QKyicfzrFW
0153413459063,Andrea6713,0UEgSOI
0845725225696,Margaux4757,rlTtzLqsuag
0680090418012,Gayelord5414,2INWPqkVS
1375825243645,Catriona2286,sfPbEKEIMnA
9511135300544,Irv3225,uF9CXC5S
7191219619924,Elsie5099,XfeMjsF
8515348229657,Brannon9449,b2PxvE
1060382087834,Connor1945,LYAaJ8Ghp
4757562860985,Harv7303,RGpQtRd3TQip
5777317149433,Kellie6985,Y5hi6ecHxnJB
0549791224555,Carlynn7591,4QDevlqSrWI
2559433421331,Pammie5571,4SMY8QgRGRwT
4480400578553,Cedric7747,Q3OX1eXJTpa5
5318118824022,Cordie7380,umdmVsDfqo8Q
1728563406506,Thain2189,CLcT9RA0PXg
9436429334131,Jeromy9678,wNnnF4U
4738165069771,Karna8367,6IsCJPN
3577198052204,Germain3095,FaFnstE7le
5837467151701,Ethan7352,qTWF1VZ3vs
1602475986072,Fiann9646,AoXJqAtsTvv
0713175687631,Giulietta2168,eMEz6IZiejA
2397721037600,Janella5038,qVF4fE
0134906024347,Pepita3950,GbSdKnA
0962188951737,Norman4017,VVFgfaFhZEw
7176731755404,Griff7390,nF7JNI
4850407301853,Reinhard3643,1dn9vdx3ZLVz
2819937907971,Washington6864,VBYnsvEH
0553791389170,Lenci1597,CfFSNe6g2K6l
3544970411135,Averil3393,UoknIz
7298292196611,Brucie9976,qvjbtoF
3259672612747,Pippy5320,KMD2WGyXBQ
1574762990990,Maurita1339,pDRVWH
2357805719958,Royce4081,QpujqDsGXf
8759367631652,Ulysses6858,lFkjFUsk0XDJ
6900487635748,Natal2493,HsQs5oT
8364307498941,Scotti5965,vEKOEiN6
5572532995957,Osbourne1218,ZuW2pv
6768186820153,Ker5580,A5owBP3
6862392932927,Gram5568,cw3BJMaQrh
0751061930801,Clarita3844,X2xAe9kw
3721049152380,Park7661,biv9ZxeUp
2599694770371,Hadley1864,TYVOmN
4865426290320,Micheil7460,rSDs5sbBId
6380781748919,Clemence4081,TLhuIJPzMt8m
0058836979721,Kendall7852,QyktFPNM
7146356412176,Philbert6903,RGRRJE
8866167281750,Nels8033,eCDg0qTxEYq
9579411504437,Geoffry1326,onRS0InPA
6755369041341,Cletus6252,oUTbruJH6L
4744997172012,Hilary7220,Z5tRDe9BY
8683134410984,Benjamin1331,wtEnosEwGQ
5209077349308,Sheffie8390,5WRuJpdlbBD0
7495018097695,Caroljean4433,lb7z4aVFLUHL
3397865538252,Cherilynn6230,UM1iZhs
1915226464758,Pierce1811,Nh075Ag
0325616735387,Roshelle9286,Z7lwpGEv8J6
4537351863602,Leonid5469,deupMzk55
7059363412657,Ardene6607,15ztlgKYDP7
2370456824509,Derek5142,eVbL4Pbcd
1805348622624,Hervey9786,LgqnH6QZg
7960588141985,Carrol7835,qh27Zx3eLEu
8670733078849,Chrissie7147,usPAglA
6741128126835,Vergil8289,e256r9U7LNp
4030348280375,Lotty7256,w4eQmQ2eI
7743261984226,Kimberlyn5861,HS0fzvad5faL
3667308222392,Sophia1245,FTvppKymQB0
3624004158326,Baudoin2999,MHKeld8dS4b
2098381908293,Hubey3451,4npY8zrAyOZ
7119253552376,Hillard7681,ppCefTa5P44
6985390873712,Curr4650,ThwQpFd
9653946167430,Guillemette5953,tPfNCet
8810528012384,Dael1772,mwEUJx
2089512658994,Dani3099,iBGUpbqTSE
7684139046386,Davey7724,C6nvRoko0nPo
3848097507319,Tatiana6605,zJCxwkQgzD24
0659873672582,Noe6462,Wdtex0b
3662320494877,Charlton1887,KfPjG37
2608181149764,Jacob6152,cqBDuI
5918858719398,Myca2727,SLE06TfLW
7450815666372,Fabian1538,vWwIzZ
5519822912421,Konstantine6035,NFwQrBwWwzZW
3780135184312,Bendix4505,O6BQehk
2742482496122,Nessi8096,w4xGOwyb05N
3306071073007,Elfreda2619,RXea4j3FVJJo
6035818974735,Beret7218,tMpPEG3wJnU4
4913067474037,Urbano1235,oA7alBVYKS
7120927954314,Hinda2876,NCWc3xYBpNHK
5904795078798,Leonanie4112,UNlwwPBk7
3555415809585,Ruby4230,tvvDlx0J9b6u
6134841801501,Friederike2195,PV3IhPLmz
1718323581242,Kerry5288,85l0xkyIl
3097830116780,Nikaniki5471,PCexkfjYtCnx
6041069425022,Rubie7932,mjZmvs
9663556388451,Britney5664,v04G9yRv
6271978845445,Mace4937,f0hDYLC0
4103342878200,Jennilee7765,snBUrW3
8604869476291,Muhammad3650,7zKNco6
7113059474712,Mano6041,IGP9jOnphy8D
0449648214268,Ora5233,9XbkWCvOPDQm
7721759104098,Darb7756,14aHEZ6uCis
4370803854148,Kelcie5722,C3iOtZXSGR1
9800783902985,Dulciana2509,09TktcL
9587474055864,Kellby5440,8U5QM2zZacBt
9042708695434,Skell8106,L8BqqwWLO0Kh
5467572730215,Tomasine9705,9hnXkq6fC
9128485176014,Annabal2548,03G5NLVYDp
6934068971335,Erskine7544,aWva4IA
0158926690812,Kahlil4472,FPBvdIFL
4120781760717,Margo1568,uJ5wST
2945533526428,Skipper9483,zCvVNpfP
5613497327528,Norrie6499,yffgFd3G
1697775704979,Aloysius1607,AhlccX
7288523771770,Nero7470,l70CuJz
6531624719792,Giulietta6272,WRQMs1VTUr
3121773685493,Wright2980,Qo45XAw80oI
7638525426931,Oneida3156,Y2ByITI0mCG
4442271321132,Elora3940,oFtA9YEeOM3
3068531965396,Alyce9045,H9dvlGKUYta5
5367485876342,Margeaux3341,7SvV2CpfAFEl
6583720500266,Marys7513,M93R0hP8Rde
5129591549472,Dre6274,fgd6z5
0196312716375,Arch8969,kN4rl0H6ISj
6940795898199,Frederik3931,xoNSXRd
1317715500137,West4231,H7rFL2F
7682966921298,Yolande2589,xSyUmNa8iEY
3640287414078,Pauly5255,xwnM5mK
6150234507101,Cherlyn5451,hgSsPWTNimy
2194468005673,Wilhelmina8810,e1szNuNW5
5948288402319,Prinz5418,rHXk9l
2767965993141,Malanie7252,RAShnnhd8m1
3159672997185,Ulises7838,iTGEVZpueRA
1298783301622,Odey9731,nQPaYHT8ih9
1022640818481,Jeanine4541,3oPwUeXh69v
4521319298681,Dru9399,aEKgfsq2sFOL
9888443410079,Kurtis9668,3KIT0JWoM9H
9705241009693,Vincenz8300,Mri5fzhryQTF
3794432890892,Katrina7685,CUcGLDlvo8S
6556330642495,Jordana2088,IF6zMIoB9cc3
2387860400389,Kimberlee6435,yjT9MJ9A
2523616604299,Mandel5164,o6tE5HYxX1
6764212061575,Edouard2648,IMkhUYuQ
0450661090185,Lenci5259,jVLH33gw3N
1815268249994,Francesca1005,rOm5NMzR
7814053777109,Emanuele2477,5qUVpif3F
6864670037748,Perri8478,4hnicL
2919420543780,Danette5432,Dm76rW7fv
2972355008403,Sib3104,4oKUvMdWnF
5138349949565,Shem5998,rWihBUEAH3
9738006497586,Dory4506,00z0GfEpxI
3150222238317,Sully8229,UQRf71nRrIo
4026879124367,Denny9145,5OLwy7W
7230866597103,Desmond7582,MwBm4w5wYia
9389146622296,Suki5314,Kvio4i0w0OpF
5777541000271,Egan9633,0ru3YaDsvx
9983838621319,Marjorie4744,mZi8Xr72
9098931541106,Bobina1687,UOKPDAgGeRqL
4288818930655,Melicent3720,2Jy204
4517067183759,Page6134,WuJFgkk
4689707633133,Robbert5649,5MfTB8oZB
5487904209770,Had9284,qApJjpFA3oGz
4664664842242,Darci5911,72RwXeY
2211815645094,Gonzalo7466,ekLtJ7ErXCbb
9160787311151,Coraline3499,BISazYSo4Oq
0957993922487,Tildi6328,334ugJ
9844954350740,Walt6481,cEECD4
8231182545439,Trixy5353,svQZcsjXH
1466069700545,Robinetta9069,CyC8dC
5717362857851,Doroteya1794,0bJpqbIt
5531377747652,Erastus1029,CCNlP3T
2118610519325,Waiter9767,QyLHl34ngQd
1178675464455,Dari4807,HOFi1E
6588829462203,Finn5057,pomyxmulMnek
6935133666965,Parker8035,sAoMiYfHti
7740263590042,Odetta7145,2EaZD133N
9391405280395,Bryn6579,mCJBP6yYdGWE
2439007055430,Junia7685,Wq3sdpdgSk
2599227114159,Eudora5030,582o6lla
0469213901931,Curr1698,Jn94XI
1911251566161,Jere8624,OjStvy54QA
2911127929232,Virginie1886,thwY0jqWWdi
1266660818227,Janeen7687,95iiwU
7832450560571,Fayette1621,oXsiZdEBYZ
2936936545808,Brannon5352,cgttJyVAD39X
6942216400636,Anne-corinne5995,bgQMZXGg
0427043958219,Carlota2536,uPWmyCQ1c
4806516421283,Brandi1506,yC5mBBf2
8332441631995,Khalil7190,YN2yaHWhgBT
1903729916630,Angelika7104,oPrrPG
8168582661350,Christos3697,HyVPwUqnCKU
5874976194724,Mercedes3311,CI9ArSB
2950129883912,Anne2419,feFIp2
6133144300738,Lucine1798,jwAQdsCnkmb
7819559994298,Jonie9046,cThy5p2Bs
0981236653805,Morena4075,EA09KGvigYo
9238754770778,Darelle2489,HCiymyJjya
5051240511593,Noe8794,UBRqHc1VcrH
6659940434855,Valida9719,V2LeJCFsr0nY
9579880970050,Justin4461,kia7wMWvXq
4314965310989,Valdemar7117,1GN954
5564740007872,Louella1173,afi35a
0447885063157,Audry9472,njrmI5
2564056648381,Lincoln8424,Kljbj7HiYlD
1288705773571,Meredeth9345,D43YId
6626033311211,Selle4612,xBbIH7R0g3q
1084308175494,Bryna3408,JsNrBAsyuIX
4184933968071,Bryant8222,9CJMSN
8653686041906,Alonso3132,bKfNq6OS
4850686673364,Kerwin5843,V6oYnVTSOX1o
8920622719146,Rafe7327,bs7QzsST
5435118818433,Annmaria3911,s1GeEkiUpo
8201471559954,Toddie4760,v0VOe7gp
1334488891575,Lorenza7525,oeZvVR6
6055604624218,Scott3715,zXpaf5I6U8Fv
1868818451035,Ingrid5445,PP4f7OrPx
8021035346374,Latia2253,DE1421K9Uhp
9774979595035,Daryl2048,jGLTeX1octE3
3266565300524,Minta3817,JuNOJxL
7708304271088,Hilarius4735,1izbJPWQWdv
1408769707696,Urson2983,9AIWAZ
7377675231644,Gilles5799,hFLM9QVi
0432734194735,Gabbie3378,6iVfJdHH
7460220582466,Neddy8433,elwhAj9
3750827716008,Roderich3889,Z1JRA5rd77iX
3901320075862,Guilbert9673,GsD8N1S
1547617755157,Cacilia5814,NiPbpBeIxf
6740245833464,Simon1234,hfteSEipv
2459104645714,Renell8669,w2qLCO9pjl8
1867393447425,Alley1830,S2fDPfZxzQ
4986275577501,Lari5647,KLijEc6
2807441929279,Glyn5060,RtdyCpJ3
4668838557391,Dar8371,fZqtoPSp
3007145472048,Elmore2539,azE4vHvOmE
4392629564438,Evaleen3779,V0srVMz
9157574293725,Ivor1938,IQ7PsDQRwD
1509006749173,Jillian4303,zpq8cpr00E29
7296264066762,Denny4838,mY1UNh
1541605635448,Georgie3173,AgJgKabFRoP
3134208624106,Cornela2365,jgUCCKwvy
8904541279524,Arel2425,0vdElW
7671526674192,Mathe7821,rUOuwxk6o
7388844129070,Des4945,1T6xk12s
5408515339834,Bram2799,jl7tqn2Sn
3454481260841,Henderson3368,2HWXmipR1Hm
6219060842354,Meara3108,RuqAOZL1K7
6218804944035,Ambrose2173,giwtRR
0333465349919,Donn4290,SAJIO7Mjk6F
4155701678767,Gloriane5487,KBk0ajtf
6339339890497,Arly7036,QOQlCyK
9994274546413,Alameda1438,mPXs73AEN
3582249681355,Jany7221,nIWRPVmhTO19
4360220583060,Nikolaus2320,HQzIoFXhaV
4100564550613,Abbot5355,6haDWGGU
7612307563380,Horatius6758,M5VnaDx4ev
9288920571796,Lissa8523,3vnJBin
2474759623258,Kelsey9770,8hrz5P1
1000195543039,Hurlee6499,WOGwQqOu
9269383393028,Delphine6341,F1W7gB
5400300393455,Barbee9570,G0ugEbpE1
7402292896764,Antonie6380,wtxbHwql6R
5312906001192,Daryl1915,Hm89flYB8Fxf
6120129780320,Hadria3213,ZSmF7A7YgkhM
3949157694395,Porter9921,XRooy6CUPx1
2263873021155,Krystle7786,3RUk9hy8
3908019975882,Wood5100,fTiADzdV
0656389525901,Jarib9750,uujUFEHYbK
1758819840534,Janis2742,2DTilX
7944822194934,Worden8038,1gGKiz0jU8y
6221003476973,Serena6187,4uCRGog
4347303783526,Myron6412,w0kVSjbSE
0027742193096,Rem6120,HRmbNkCBJYo
4496823897546,Alessandro9815,wwIa69h
3313532735818,Yorgo9656,ii4BzumaX
2798811296310,Boycie3843,baczjgy
6392982688640,Creigh1143,bhpfEj
6117096526522,Lanita5821,i4MHJX
7006457875764,Russell1199,0uzQCWm
3247512530246,Babs7315,sAwITznL
4025887641118,Vitia4583,KMkFFevqhNF
2828669638895,Shina1772,zuVtz6tGNc6
5211498755005,Maurie5299,uxXDkl4ikkk
0357208057227,Stirling8725,WIzqtSKUn8oT
9896805360057,Early8630,43oS2Wq
8136576773695,Angela2237,deJkkJRjL4vl
8113454985151,Quinton4701,gnIpZ8Re
3648104056736,Trefor8672,CB1MhvSt3aL
9445249900874,Jozef5294,UFMqQr
8599049555505,Shirlene2778,ez4QUYopud
5768110381780,Wallache3297,E4RcPYmb9Xs
2197821721763,Ulrica4206,03RHrVbr0WKw
8432715302362,Hester8681,zMoc8wE
2619358410915,Yorker2723,e94ikJo7xYOK
9959564315893,Tony6860,23O5MRcDUX
8855679626972,Audrie3424,GPlZii
0432635303596,Crista5155,xdvFJv5nL
7846565262363,Tobias2242,zlx3AlVpvn4
4753714505294,Madel1646,Dqh4tyBdZlE
9844127697472,Farleigh4749,DYagAuneEhH
6380157049637,Lennard6377,KVK8J8Egf4
8836583294530,Lauretta3223,8yXHWur
7610945340910,Eartha9655,bzaIg8t
9913614617087,Joycelin7638,vEmUBVd
9196181105266,Selia6537,9XR2f37
0473277788179,Isidoro3258,NdgbCbFCuSYi
3327916413354,Louisa5162,csWjmt
7746722045902,Georgeanna5476,uBAP3RhiXf
7211865971055,Patti7899,ZOzUZbaDqEG
1857872421987,Ransell2950,KvuxlfP
5087043940825,Cortie6770,1ov7NB5AbDc
3309223727230,Graeme5536,30bXYF8
4871474812722,Carlie2103,nR1Nyn0L0aB
1794158960682,Tomasina1233,DeBxpe
9024781176871,Stacie5584,BIGZwKdjP
0440937286783,Gerrie6490,G96XtcSoIY
5222267019739,Fran9313,2CpQV1x
5152760144838,Taddeo4948,9jAUhYn
7299937905996,Milzie6679,P0cKWfh
6871770981372,Carmina6165,6p3RB8oxH
4213915465317,Edouard2328,5kGfeJqOUK
2489914385940,Abrahan1198,hHt9K965kKR
0895200517072,Tomkin2639,2p9v9691
0947691509661,Katrina2899,OFOp5VWZDe
2035065700820,Timi9927,FboXYKG1p
8014434984677,Gilburt9517,u8qs21l50
8246826394569,Jocko2576,SNWsGpcvKC9q
9835844916311,Willy1987,vwHw0zH
2460849745049,Darda8137,HfiyX8KWs
5381402253153,Ansel7865,N7Ak6GLL6xW4
6383914350816,Heywood5368,V58PX0Dev
6690939659306,Jerrine3004,sIB6RqqUCb2
8140301383923,Colver9053,GdSr4L8uL7
3611214233093,Dani8344,7Cby9050wj
5717594005799,Oren2684,qLf3JyggrqN
9763995174476,Ermentrude8528,3MMAH4g5c
6307391850356,Antonin6533,xyxyyp
7168754891897,Verge6987,XO32n1yNK
4896357828984,Sioux4506,tSBkY0
8997040107227,Evered9751,ZypgQVsA63ei
1744352331812,Ricard8743,utBUUembbp
9062899987465,Lyssa7738,oJapygT7mq
8357593675909,Kara3590,bkopLxHUh
5182455888874,Ame3047,1Z9MnB2
5306181127057,Lana7751,ARfYcd
0811485226984,Lucy5538,m0eXna
0013322597024,Dagmar8008,KD2mOVZiOC4k
8894320557322,Stan4002,FBRf1m3
4325772010187,Leroy1082,dejrou
9114051082593,Brantley1459,XfC7C9F
9479911884198,Selle1749,UlB3GCR
3706168216543,Demott3394,uOkXuXTA
1595640772344,Isador4441,v72GSS
0400213057379,Ashby6156,UNFvTjPw7R8
6756069109558,Ferd6435,WywNrV3ije5m
3605961906858,Harbert4520,L8onMW8
4097480829388,Tonia9393,hemb7YfHd
7742261816488,Lynde9897,ShEZ2sDJka
7411977522951,Hanson7154,bSodHCBT3
3268438728878,Freeland7811,NAY1MhgPy
9853502681108,Shermie2884,2HbsdyK9
8778354476436,Wilbur4871,VXdfXqVhp
6146198731944,Jackie4519,BQCfvXpEb
6838618015666,Astrid8492,SzzanlLR
1458424787385,Kordula9355,wIHvAKjBnrf
5085240133378,Anita6676,St567kA
6075058822007,Monti6019,sJZpUo
5974089932194,Mel4606,U9mnYG
7973564288646,Hazlett6265,tFUIyTY7DJ9
8300115393120,Eduino3173,Ek9s5p5
4082603113661,Delano1352,LinAQkF
2237946047510,Genevieve5223,ZvUjDQPcBr
1763700526448,Evita5013,YEfIHvsxtFf
3031891455650,Judon8240,pG9L4q
5665098397269,Rudy5369,IvoZAoZf
4514095963612,Wes8560,g459eA0
0988838624160,Ardis9048,6sRl2DXqjdrr
9565984327179,Gage4647,pFMzH474QRT
0303308788338,Elita1311,3jcDvLQ1
3345354403537,Valentine2764,sLgZmUy1
4615911188760,Hewie2735,zV7gK0
8488911635807,Alard7674,3V4BWkT6P7s
9360305667929,Ugo4195,DteKlkhWEG
8909980076305,Fleur5193,aANu2mbfW
3095938632396,Fanchette1471,efgjGl2sl
7327692451889,Ericha9990,4pBTDO65p
7974380924652,Son9982,j0pOgz
9162662502944,Peg3889,dbqlt4lyDVe
4849704673997,Omar7831,IRcvwSsH0
3642941457115,Teri9122,CCh1cBHFv3z
3571863781197,Cherilynn6177,U3NKMM
9843293793241,Finlay6276,U5cvTx27MCG
7555639922050,Burke3201,lk5SuvmQfk
2146844950448,Marj7196,sm7HtA
5758341108166,Marlow1015,S6vtaPsoIfg
9890435911257,Yank3954,Es9irEQ
6000219954277,Bertrand1225,D9MIn19
5220994881945,Timmy5119,ZSnewKtOOnj
1831646597175,Balduin6964,Mey5FzI
7231884081671,Quinta1974,xTTXh8
3405885027471,Francklin1990,g2xgggn2EXE
1132360619459,Yule2238,9KT2CJf
4106617909404,Odille1305,Q9JYbd4pvEL
2455188815138,Ingamar1487,NEH8SVb8d7
1861027657602,Alwin7001,oOBFXKmqBOl
5437799383329,Darcy1522,MyUdiDKcJ46S
0619689112583,Larry6143,ZMqPUXcgOvFs
7761145886952,Sephira1452,FNAgyRNy6G
5176661124137,Wright8470,0DH5lV5aQQw
1410065509240,Ozzy3910,cXEJFVGjWluw
1486083411409,Merilee4066,kbIhn4c2c6
7289812353074,Merrick9801,Iwhekaj
0066783470166,Ephrem7472,a4QAkbs9
2831498101370,Charleen4132,raSMdy
4236297271127,Blake9606,fK3kudpkj3f
7737682632152,Alvie6850,nDdPRYPp5t
3841823051889,Corabel2326,pwZKmLx
1237395220455,Shelley2037,JUQACc3Zu
3905993164623,Riobard1696,0jQP8PPS
4207091534351,Lolly3350,iVfnLg
3694371293242,Claudina2014,Bmq2Ps
1724275987894,Yelena5754,5LnmPKTE4
6681775487201,Audy1498,xybUrL
6131695619420,Malanie5955,9GGG5EUR
9647396947887,Hanan9325,UGcC0RB8G4
7304923547053,Janis1199,2BI38S6cQ
0127412927047,Boote4198,L3Xjol1HWa
5758098656705,Barbabra6892,3UI4zRBb
2183949762347,Martina2189,MZvNR1IlP
8802868863553,Gearard5001,xwaeyQ53w5
6469673919188,Loria3090,udJ575aA4T3
7134177415602,Glennie4238,nbpgYhwKjqh
7712991633127,Rhianna6277,PjuZtSYCrAgV
4239029451400,Charissa8679,o1hqGMXu
9606908888243,Bernetta8740,UFhlcSlD9iOa
0343222291602,Adham2742,gI4JaYCNl
4302639585010,Sylvia4767,z5GMjrYkFD
5127655813367,Noach8404,spMsKW9Azry
0784610620634,Randy2729,RVyOSB576
7131030544685,Ginnie9612,VT7psKi6LT
8889518261784,Filmer3370,JteW1Q6p95
0094507904026,Corissa7864,RvpiaG
5346485693719,Kippie7153,9JGYqLn4Ro4G
5390250045832,Duke2662,tNvhgOhq2yb
6605626403593,Neale6832,CpRFhbEaql1
2854731932600,Ezri1171,Hc25rCq
5285472360420,Nonie9505,2qj5Hly
1181604734176,Stesha2485,1Y3vShi448
3951014476165,Alano4870,7ZzzkFURI12B
1389065557182,Cornelle7863,aADcBObI9U
1722919693090,Shalom9115,Hai9yUvKTNm4
5946577242025,Gherardo5326,d2HCeTpEQ3
7877340109122,Chicky2445,DS4e0CApE
8333616476662,Everard3551,TDQFPz9Gd
7727260631852,Millicent5637,15sqqRXlxi2
1183903409044,Margy6449,162vwiG7TNC
3132681985071,Kora9889,IShY9otO
9644818400576,Phoebe6198,IKZbWW
2680390924015,Torrence2438,zRdFXsjNFQ61
9781245754523,Yehudi1703,6zCI6deqGQ
6645976974093,Whitaker3839,GTemJMwwQZ3b
6602561827705,Xerxes5143,CTdUTLg9Dn2
7828812103232,Bord4476,yMbzjidHcaI
4780035247930,Ari7051,zRQghuOY
8813039479281,Deane1062,3ErovAVb2kFn
6041635002595,Kary8440,U8FfqV
3476788207070,Lorry5089,xFIn74VAgaSx
5028526126750,Benjamin1154,2f2jaSpMVvD7
9802838192230,Hilton4410,9TXPrN2huSl
5559235308419,Clayson9728,HOMxnMHjtJR
0440690487160,Harris6374,cWCpm3wa7Zz
6747398140423,Olivero7276,wK9zVT
3899398585680,Reggie9386,F4a6tY7
5848919079414,Gaston5576,mtIQ79GVftBs
7173337530260,Dougie8328,2ONKKnN
7693627863284,Nicolai8131,7LpK1y
1572882063312,Zandra7563,mz7eauh
3689715231077,Leta6971,MseGSDg0Mu
9741733750416,Benito1944,Gwee1PosuAp
0406230799125,Sissie4217,ZuIvqF1
7769440328405,Lenna9974,60l0v9x40R6
2506662535850,Rafael8264,TusAdHgEd
7441128105398,Alanna6237,zUu9CBz
0443066317974,Trace1269,VLssLQGFREte
2809082104349,Cherlyn3168,SIPYTQbKYqO
7628906200280,Mary8743,fOAt1y5Cd
0492973247475,Frasier3706,xFkgiMva
0127406415783,Hermy3060,JxJRdce
6887538792551,Thor8124,jyLko5QdYCL7
9744680273182,Rebeka1386,WuNGtT
4061524474669,Ripley3109,Z6KxmIln
9569612793045,Godart8266,YfkuSEdB8P
3753848956441,Jana9718,S34vQhI6bAAx
3280657297356,Addia4962,WXR7lb
2490191642775,Torey6180,rxpyQD2
7058001664740,Kandace7310,SDBFZtDvW5
3985724539116,Piper9081,t3On5Ks41
0662336637142,Douglas5900,qt6XTaRlOGBh
7938683789445,Reinaldos1283,a40d8V
1078569595226,Drucy7208,bBAHpn
6424381711700,Geordie5869,JL6FUWqz78k1
8113111954584,Prudi4919,Su2bfNp4sU
5334140238389,Betteanne3162,GqaHeXgIeA2F
1997273853332,Sharl3898,28m46pquKDx
0337058916576,Theressa2324,2pvH4ayWK
6043883928421,Janis2635,7Rw0HhB
1247145155172,Bailie8712,KUZfYPro14
9650986725577,Mitchel8313,PnfFP9jY2of
6806093002114,Freddi9046,Cqenm8OR0R
4197912787915,Leyla4776,WDX6qEBg
5376134478694,Ines2299,8r9Ne4t
6811030310377,Chase3191,t3XsGIQy
7403420198619,Tiffanie9049,7svMp1odfWG
2098335803263,Stepha9850,0M2G1Os
0053123180976,Reeva3567,8jaU4CGQ4Lms
1347960672091,Enid8273,vDzMrGYeec
8500560156052,Riley8997,EjbeORPPiNsy
8245201310260,Alistair1441,DYj6J8IN4l9
4876230544455,Marlin2809,PZexld
7435614298952,Mikael1801,1QGzVC
5861848633317,Joey4692,ObnMRJ3964aJ
3603405658890,Claudianus4202,JPCmMT0
2657739262410,Camile7597,FCzceT
1712684051179,Derward4432,Lu7EuqeB
5200149573548,Anabelle3748,WiqeKG4
9607678617926,Letitia7473,50ceBl
7125494368742,Shayne7891,psgidR8Q
7174724706108,Kenyon7516,cIgoVF
0944307125874,Oren8579,MDngy7vb
7253217079583,Loren4114,Y4JVNBTgnl6k
9008398393808,Merl6856,WwurIjPFBSKJ
1765093708986,Evita4321,hItSkq
4732361209037,Derrick2145,FN4PkERaLQHd
3545925991078,Vinny1300,6fi5UpWQf
9291362688532,Kiel1926,YHS3ey3Qsh
9530746793544,Perceval5076,Zx5cBcvX
2359108377202,Robers4898,nmuivTY
2057833092376,Damien6479,cFVnxbn
8088986230129,Leah7812,KwBltzvqrL
1875102316142,Wynnie9659,KrggRGU
9815344218607,Enoch1646,pdo4zQW
0362914753182,Julietta4259,vjmDsZTmSAa
2141912734155,Daryl9281,SxDRh4
6388704517934,Lion7582,ouRiGO49K
9593004866333,Cale2514,2MzTidJlr
6010405952486,Aigneis1535,78jYxKRYFm
8950853964883,Chariot7060,RFJ0LMU0
6519279424910,Sadie6933,6iewhEsHK
1585642761951,Becky6026,HEF4Qz33IF0
6417456658535,Meggi3684,YczBhALn5ft
8440341000896,Bailie9955,ktUvd49
3784624681879,Benton2825,yG7OVnCEi3
6152502944838,Skipper4762,4k9yj0gO
9817770333691,Burke5527,ClFBrbuSzR6
1713474555841,Rainer5155,bhS47jqhmBL
6314047649413,Minny3016,TYYDVvtsXlX
4508838592271,Shell2651,OSdoYA9Xlg
0585847357448,Hally1989,HbFPEvyjz
3742950513884,Kylynn8865,tSf91PnT
6286507562945,Armin6907,KdAFwWz5
8442893461911,Sharl7823,UaZFpQnyfF
4303908093618,Marv9438,0aaDQn
2685927124770,Barrett8025,Wzofat2i
7172349391461,Dan2676,lXQAT5nO8
8208639169663,Locke1694,gp9Qwi2E
2006704795558,Herc8968,ZNtCEdXBK
0457370618342,Antonella1010,MElzyiDjNjx0
8316122041200,Avictor2999,u0w1yHqECVKG
5398075664399,Clem2184,KjRM0bshk
5031677451552,Forester3503,Bu4Waa
7131549360110,Carey8507,fWigPBHeb6w3
3927324170742,Nike6822,PZtxkva9BhG
5103787368521,Dona7454,Cw6rZruLyWJ
9649914733984,Romonda4386,LTJtqX
8155529343328,Starlene1343,yx0Bjm1y9
8433749329218,Rosene2578,IuAjZNud
7200759087558,Dalli8192,Pwdu2yv
0667560554647,Ora5461,ODcMmjG
3207108620208,Gaile6727,dTyYt1
8383694714727,Raymond8641,5ofDgfRM
8182195978867,Sara-ann9945,AOs9Xc5Yvn
6011744044260,Krysta4310,aE1OCoH1uu
3108898344559,Ramona4235,01mSMk3nrmx
2438356121922,Kimball9903,H37c1cb97
6812353397615,Charlot8282,KAeTgDzmhTS
4238638015000,Gilligan4293,oVsv2Ymy8S
5465794124102,Jereme2727,kl7OG7kLQfSg
6706405025442,Genovera1208,NJ1KlIzcr6
0529653478890,Lil3612,Ai7aVLfha07
2377721179552,Vivianna5370,AevT3yJSqGg
1027079149565,Staci3730,U6H7KZ1p9qQ5
6001407333914,Kincaid5917,A3tnJYrt4vyW
2567776044886,Denney9012,ITeedviE
9195877613786,Hamil8033,CrZEYKO9R3b
2797890582542,Renie9025,GWcvFUU
2532636839238,Lela8702,jUMWCZeie
1180434597541,Tull5502,rjLOe10Bw5w
0465529089906,Jakob5522,QpWaSxW
6078057713926,Paola3618,vSJgoZQ
1444491495414,Lonny2666,tki9THQx
3178280974999,Spense8609,hy0qAhvUpXld
6130663783294,Tedie7109,pthQvo
2563815358705,Caitrin5696,UAp0CMkD
9026326284072,Sherry9865,hb4HDP
3281260567157,Archibald2386,Sg7Hmn
2429963470940,Nathaniel2266,YQEKcTa
4447395225625,Brew1163,NFK1vr6j
0462363133718,Isabelita1401,61SUvkOPR4I
5842939494917,Ase4482,8BIxCu743S
2469193719599,Gaile4814,DnCX80gE42
3128259165720,Claudetta1581,q1Uzxgrm
7591026577212,Cob5905,NxSse3Yxhrd
0004175048353,Norbert6766,1sMb9r
1731775427233,Mordy7430,CD8KPLV
7464513726553,Claiborn1839,0RnqBU2Ni
7036399632388,Leeanne3614,F7hUVWgH
9161784025939,Angil5443,RljEdbO9GZ7
4213662369440,Sigismond3296,s6b4DBYr
7299965252981,Shaun3393,antSRF
0239670539947,Alyce4321,uT9HEhC2Z
3066994797115,Joete9608,1xi8KhK
6599357933543,Yoshi7747,m9I6XS
8200719042561,Koressa2310,05ufo0
5076477893359,Giuditta8752,fKrtZJ2JxT
5579558450730,Dixie2632,p39X6A9ebFL
5523283856262,Neville2924,nD5SN19
5036448747463,Zaria2155,1NjUc2Rt9Z
8860781374768,Ailee6865,B75eDFprZTBF
6912620073877,Burnard7968,mL9W6ruMo
5872150047950,Hodge5573,sfV6IeZi8yqj
9131924067877,Archibald9058,rpNQJad
1286279413860,Jecho1752,Ce3kaMGFOmQ
2412234449833,Clementina6956,5Fs5OvqyPsv
9342992228447,Tine7004,5sPtpB15z1F
3013844478273,Biddy7463,rmABHMtw
8388784851995,Julieta2911,7ULPHd
7844811436603,Madelena1691,56Otcto
1731285661286,Clarice9559,B7wd8epjECE
5584231586092,Nevins8500,8JkZzrDBz
4665914310935,Elizabet6368,GsAQkJfTCJW5
3014157753811,Nat7054,tC8VAOi5p
0039566739593,Jaymee4720,TqFdpVFNli
3117408615826,Fidel8882,SsCAlX
0688858626595,Linnell4454,1epRjMOBf
7144539612963,Erhart7525,BJ572R922Ds1
2306087514852,Quent6636,3u1rrzSOxMyC
8048240748815,Marion9288,PPKeRfNFO
5146398542850,Mar3098,Kc0Rdxx4
2192247567281,Rudyard4134,OgWupZIVtK
0582844368898,Iona8694,D4y6uEI6um
5452667573272,Pooh5667,jCdXDdC1i
6160045264753,Ardelis5397,FyS4Pc
1408615091902,Agathe1775,dbJVQ2VQdgY
4227395769970,Guthrey7155,yJCIIxM1hYA
3161187006837,Rosy8711,68G1SNsP1
3093935219145,Elsy6015,ihrbnDZHLzU
1312890444742,Cchaddie3860,TdPtlk2nuNA
6484166308270,Derk2240,clH7Dx6
0691043311865,Ida5817,0m4o02E
6647899340173,Karalynn1093,eLLRJu
7070358207771,Neala3996,mE7YtXHh
9149276847802,Arri6787,isWV0Rw
8232145333661,Maryanna5535,Vi64deyOv
4170422944327,Gaylene2373,f4FuyOPwhk
7483103032792,Emiline3781,7Kg2YRaKiIw
8319476173641,Courtenay4425,XYDCpKvd3c
2555499171112,Kent7567,KMyk6lOGdti
7165918652754,Zeb2426,Q7AzA4l
7339795960949,Randal3251,jdd5Y7ekL
2545457118769,Karel9312,Fqim2IAh75t
6346389625264,Vic8950,k9grE5
3511705888546,Arturo3561,THqtb4Fx1
5801926364699,Janel9834,Fxtgnjx0Es
9688770517218,Karyl3086,iRcmmD8
4625252006034,Alex2558,BGkY75GdSrF
3231559392466,Marilee4124,p6sorqK8Babg
9263679979766,Cornie6353,wRu25InEx
6078242354980,Isaak3281,IqtimUP
7409848373386,Ermin1477,yY0k4AS
7879779406400,Vladamir9156,uvk55vtuaF
7928166562635,Pip1018,eDanYk8NFEL
6121589753699,Nathanael9710,kd0tcb
5460794361534,Marieann9516,FeY8BmxGpF
8801292900343,Freeman3132,uTQ1kc
4504483535831,Cindi4487,BIAo66J9vY
7350817162471,Clair5801,xGJSyHyxENzX
8022173380259,Cirillo8481,8A1vuHt
2601363317778,Anthia8128,h1b41D9eE
1537356574684,Virgie3863,gwXduHX
5291192553877,Gusti8979,M4zn8esbKDHF
8633043081744,Thaddus1201,4g6CYEU1zCz5
2755700552178,Olenolin7003,SIVVB30J
8748593847583,Bryon2040,UnykFE9ZUbCt
0528649541522,Savina8626,gORRkDgNUXG2
4373907155819,Clarette7059,G5uVCOe
5098184315500,Ivette8514,USxN3q0
1059707541783,Byram1240,Sddovnd6
6552845517150,Karlis1398,Od6xyaGmZ0C
7993221405613,Sheridan7020,1zUQ56Vfr
1337257108084,Anya5573,cWPFhNG1
7482512462958,Giordano9956,NmX7GZUF
8948510244790,Loydie2128,WZPNql
8697541183216,Indira5081,Kw68C7l
1238695263376,Brice3827,mUmVg1tpqopa
6588549092319,Ricoriki9078,gh52grJnBa
0535598173505,Rob7556,qqW8diaNc
2721468339148,Clio1414,mGQ0rDPcP
1272847885598,Krystalle9039,8mrLKnOt4
8962019668255,Carmita1080,KfWZ5GQw8
3282822320578,Adolpho7763,i0ElsYSSsb
1944007279378,Adele7169,1mSKnyo
5134622674009,Ricki2222,xK1Mr09mV
2114226536918,Sayre9593,VqzYnfehz4
2376355707444,Kelly5173,ZncOmiZ
8503111248529,Padget6189,AJADO59VB
0281416948187,Viv9638,BpYahTm
4647551740420,Sherill6755,8nGIf3V4p1
8723704792469,Merralee8274,I9z8dY
0578172098530,Giorgio7438,bemWJqPjzI
3240228307347,Gloria3788,P2qDUa
0416762010350,Aubree1398,qklNsRaDHqj
7325316969783,Jasper5217,Q2jBkffMwo1U
8796713787456,Roz7924,lGGC431Igii
1974862592299,Carol-jean4226,xhTKT0evq45
1851912772578,Brigit8305,NCyUTe
6715091017429,Nalani3407,iphTAIB
4558140012889,Oliy9679,K6CXDTC1F
6864177622715,Leanna3577,HK8t0sH
7492700281518,Philip9484,bXF31ui
9864768895114,Selena2884,1XX4ObwB
2049631229122,Cammie3290,HX1Uc1zb
9776552850346,Johnnie6555,TqihWTQRg1o
5790984557705,Pru7477,2VAUZfr
9381999051088,Johna2388,PGfxqAV
9469744374859,Sterling1934,lWvNGW
4056266947693,Giselle9854,V8Gvxo
4623769045522,Gwenni9095,Hzrhpo
8432561056906,Garrot3466,YY1OiBr7
5870912348810,Bron5029,P8PJjMRO
5124206491311,Gretna7984,1JCJDUaH9m
8125215416682,Toiboid5809,rQwyt7qn4GzY
4795264095104,Karee2441,M9L6ldGl7oX
9814532383998,Dominique5328,amQ2sME0
5502721992733,Arlen4235,0qA6K2YF
3091405468279,Milton3134,ctNBrOI6tCMD
6722448304664,Bryn8397,3Q33BgtFsm1
3313836260172,Thor1930,XYUbGHjBi
5664391463807,Deina2557,rZ0fMv2p
6359670737211,Alvan4157,uU0who
5709811414300,Jodi3227,t0wz3p
2057132300804,Lew8428,C54MrBLYrJ
4383226451772,Archibold6395,PffPNptFK
1762505082970,Christalle5275,7DzOZxp0
5696736831124,Lorianne2685,kvP7cV4J9
8333828642275,Martina4997,xBIgdFdw
7191155987104,Ignace7229,f8IrUbyKVL5I
8802988217069,Trevor1437,y3Db96xHgU2R
9677253509189,Andie6964,Wv2JDM
4949822651990,Fletch6536,UlcNMmkRFQ1
9362869977450,Yulma1655,H3JxiHrI4OLD
5379646155551,Ashia8272,ntxgRhkPqR
4792482101093,Margit9125,4sRFvoojztdW
4701111189001,Drud3901,Qz9Q1VH0L
2457099118101,Fee2645,XSMR6if3qE
6890468501942,Camey2179,dvASc1acE2
3760583175716,Sauveur8849,B2xXAdVzz
5688965220238,Pat5065,ygq8G94AqXr
8604100234064,Oby8346,TcIHNEyq
4790240113484,Arv1415,O81OoHX
9389965203098,Cybill8034,gSue50Cen
1915317513112,Manny3234,zd2qRmj
2014585394101,Shalne8591,UwJoi5L6V3z
2835321970024,Carissa4274,uYd8zUWptzBV
8817952811307,Carlo6229,VXetujq5
3197821616195,Pam9599,E2QVNX7cIjn
1750662753715,Nelia5422,sbZOMPup
1562367074203,Stephen7050,ZOf5kVrkn
0849357935974,Godfrey5602,lfr5TaRIz
2763301595424,Dniren5177,AB5pdGoz
9426899397122,Katey7353,yfVqP3Y
5721626200299,Mariana9950,K9AjZeMWu9OI
8142675345891,Roze3312,U9dA64k
7108954431347,Anetta2788,AdOOCn
1240905756837,Daniela3600,l5KhOLA7h
0837898552834,Bartel3436,3062cCZhtleO
5082813772951,Flinn1669,HFdWrVpnQ6
3947808214924,Dunstan4028,ZekYomFj1nTU
9107267773629,Luis8726,xgMbix
2530999547158,Fredra7087,Fr34AHzMMeK
8081148870203,Herve2344,qW731p8flKJq
5967671319202,Dalila6015,EcjUXGc3S
7892397832958,Marion8593,kPQP6TJwkWBD
5823343158908,Shelbi4167,hc16SS
6402682994651,Thatcher4555,KfXynn1nR
3572472495285,Maryanne4478,lzaCOQsYYjS
3831242184022,Conny8145,QPDKYKHyflR
6527536559567,Vivi7906,y24oToFy9PUd
6897940123792,Gabey1558,LvWs9T
1044607408742,Marybeth6651,e4gKxh7
8884036634215,Desdemona5786,NsvJsWBzMcf4
9530914061896,Dix9355,rZ9tyk5M
6868691638142,Randi3182,cbGy603N
7770685501201,Stefano3288,nfxd5c
9303400890884,Bennett6267,DkKmGi
4179763791553,Riannon4543,j1W1ZewzLi
0089861438128,Orson4983,zzbYMIEm
2662437757722,Hayley7605,PHCXGHAhdMb
5021283542996,Alf1809,pzdjop
7072314808302,Ciro3924,oalvD4t
1900172982003,Alis6411,N7p5C7Aimu
8539675015504,Nicoline8332,KpILo4Uswk
5078614309058,Madelena8503,206irccWWV
2472469418487,Tad7457,7iFJUKVz
1484782976091,Tremayne8393,TgLTMe0K
5999700606621,Vivienne7566,jH9zXeF
9414357035101,Lind4891,9GlkmH
9363025274654,Eugenia6969,aATYlDOI5
0088523555180,Filippa6369,2T6D4J
5036508481020,Ferdinande6513,mtQH5PzJotaa
0662957697324,Kalvin7820,QLQNvIv2A0
3534062573223,Arnie9760,QsvMna1Pf
0088334290945,Lenard4741,lFPjJbIn7
0385827556416,Laetitia8919,7XMoO7hZik
3844195927326,Corrina7116,KU84ltwCgnc
4785343753275,Jamima5195,D7FQKs1B
3987901261599,Diego7410,z3WxKnVYU
1357795816782,Jeno1638,F8HfpgUYf6E
